Circuit,Qubits,Gates,MEDUSA symbolic t,MEDUSA symbolic mem,MEDUSA t,MEDUSA mem,SliQSim t,SliQSim mem,DDSIM t,DDSIM mem,Quasimodo CFLOBDD t,Quasimodo CFLOBDD mem,Quasimodo WBDD t,Quasimodo WBDD mem,Quasimodo BDD t,Quasimodo BDD mem,Quokka# t,Quokka# mem
BernsteinVazirani/01,2,6,---,---,.0203,20.81,0.0057,11.96,.0001,28.77,.0172,456.45,.0038,437.95,.0002,439.36,.0663,11.06
BernsteinVazirani/02,3,8,---,---,.0032,20.83,0.0052,11.96,.0001,28.70,.0025,457.31,.0036,438.50,.0003,439.35,.0037,10.97
BernsteinVazirani/03,4,11,---,---,.0035,21.21,0.0051,11.96,.0001,28.82,.0031,456.45,.0043,438.95,.0004,439.39,.0038,11.16
BernsteinVazirani/04,5,13,---,---,.0034,21.11,0.0058,11.96,.0002,28.77,.0040,457.55,.0042,439.29,.0005,439.35,.0039,11.06
BernsteinVazirani/05,6,16,---,---,.0038,21.39,0.0063,11.96,.0002,28.77,.0046,456.45,.0049,439.80,.0006,439.25,.0040,11.10
BernsteinVazirani/06,7,18,---,---,.0039,21.31,0.0059,11.96,.0002,28.80,.0051,456.45,.0051,440.32,.0007,439.40,.0041,11.03
BernsteinVazirani/07,8,21,---,---,.0042,21.92,0.006,11.96,.0003,28.83,.0057,456.45,.0056,440.93,.0008,439.28,.0047,11.06
BernsteinVazirani/08,9,23,---,---,.0042,22.27,0.0068,11.96,.0004,28.80,.0069,456.45,.0053,441.43,.0009,439.39,.0042,11.17
BernsteinVazirani/09,10,26,---,---,.0046,22.55,0.0063,11.96,.0004,28.68,.0076,456.45,.0056,441.93,.0010,439.39,.0044,11.06
BernsteinVazirani/10,11,28,---,---,.0050,22.89,0.0063,11.96,.0006,28.77,.0081,456.45,.0065,442.45,.0012,439.39,.0049,11.01
BernsteinVazirani/11,12,31,---,---,.0054,23.17,0.0075,11.96,.0006,28.76,.0088,457.69,.0063,442.93,.0014,439.36,.0046,11.03
BernsteinVazirani/12,13,33,---,---,.0054,23.15,0.0076,11.96,.0010,28.81,.0092,457.70,.0066,443.32,.0015,439.80,.0046,11.16
BernsteinVazirani/13,14,36,---,---,.0059,23.43,0.0069,11.96,.0008,28.73,.0099,457.55,.0065,444.00,.0017,439.89,.0048,11.09
BernsteinVazirani/14,15,38,---,---,.0058,24.03,0.0073,11.96,.0008,28.79,.0103,457.49,.0068,444.39,.0019,439.85,.0048,11.04
BernsteinVazirani/15,16,41,---,---,.0064,24.58,0.0082,11.97,.0010,28.75,.0117,457.64,.0070,444.82,.0022,439.84,.0049,11.12
BernsteinVazirani/16,17,43,---,---,.0065,24.55,0.0076,11.96,.0011,28.81,.0127,457.55,.0073,445.45,.0024,439.85,.0049,11.04
BernsteinVazirani/17,18,46,---,---,.0074,25.16,0.0084,11.96,.0012,28.84,.0136,457.64,.0073,445.93,.0026,439.91,.0051,11.02
BernsteinVazirani/18,19,48,---,---,.0071,25.32,0.0062,11.96,.0012,28.77,.0142,457.64,.0080,446.45,.0028,439.66,.0051,11.06
BernsteinVazirani/19,20,51,---,---,.0079,25.74,0.0094,11.96,.0014,28.79,.0148,457.31,.0078,446.95,.0032,439.86,.0052,11.11
BernsteinVazirani/20,21,53,---,---,.0079,26.09,0.0084,11.96,.0017,28.79,.0152,457.55,.0084,447.32,.0035,440.11,.0053,11.09
BernsteinVazirani/21,22,56,---,---,.0084,26.43,0.0084,12.21,.0016,28.79,.0160,457.55,.0084,447.96,.0037,440.09,.0054,11.09
BernsteinVazirani/22,23,58,---,---,.0086,26.80,0.0091,12.21,.0018,28.77,.0166,457.55,.0086,448.43,.0039,440.09,.0061,11.05
BernsteinVazirani/23,24,61,---,---,.0093,27.43,0.0099,12.21,.0019,28.80,.0173,457.62,.0086,448.93,.0042,439.94,.0057,11.04
BernsteinVazirani/24,25,63,---,---,.0094,27.35,0.0092,12.21,.0021,28.88,.0177,457.49,.0093,449.32,.0045,439.96,.0057,11.04
BernsteinVazirani/25,26,66,---,---,.0099,27.77,0.0105,12.21,.0023,28.80,.0182,457.55,.0091,449.79,.0050,440.20,.0059,11.11
BernsteinVazirani/26,27,68,---,---,.0099,28.19,0.0096,12.21,.0025,28.71,.0188,457.55,.0093,450.50,.0055,440.22,.0060,11.05
BernsteinVazirani/27,28,71,---,---,.0107,28.89,0.0099,12.21,.0029,28.80,.0195,457.64,.0104,450.82,.0056,440.11,.0062,11.16
BernsteinVazirani/28,29,73,---,---,.0732,28.66,0.0114,12.21,.0029,28.84,.0200,457.30,.0098,451.43,.0061,440.09,.0067,11.06
BernsteinVazirani/29,30,76,---,---,.0177,29.35,0.0107,12.21,.0029,28.84,.0206,457.55,.0104,451.96,.0062,440.23,.0063,11.12
BernsteinVazirani/30,31,78,---,---,.0114,29.41,0.0114,12.21,.0035,28.81,.0212,457.64,.0100,452.61,.0066,440.23,.0066,11.12
BernsteinVazirani/31,32,81,---,---,.0120,30.20,0.011,12.21,.0035,28.81,.0219,457.55,.0102,453.18,.0069,440.24,.0065,11.05
BernsteinVazirani/32,33,83,---,---,.0122,30.02,0.0106,12.21,.0035,41.08,.0246,457.87,.0111,453.46,.0073,440.31,.0066,11.16
BernsteinVazirani/33,34,86,---,---,.0132,30.93,0.0116,12.21,.0039,39.13,.0254,457.87,.0111,453.95,.0077,440.38,.0069,11.02
BernsteinVazirani/34,35,88,---,---,.0136,31.01,0.0128,12.21,.0041,41.73,.0260,457.58,.0113,454.43,.0080,440.23,.0067,11.12
BernsteinVazirani/35,36,91,---,---,.0136,31.45,0.0122,12.21,.0043,40.78,.0267,457.58,.0113,455.11,.0087,440.41,.0069,11.18
BernsteinVazirani/36,37,93,---,---,.0140,31.61,0.0127,12.21,.0045,41.09,.0273,457.58,.0122,455.32,.0089,440.44,.0070,11.05
BernsteinVazirani/37,38,96,---,---,.0145,32.26,0.0088,12.21,.0048,42.22,.0281,457.87,.0122,455.95,.0098,440.61,.0075,11.06
BernsteinVazirani/38,39,98,---,---,.0146,32.23,0.0126,12.21,.0050,40.77,.0287,457.80,.0119,456.61,.0099,440.56,.0072,11.05
BernsteinVazirani/39,40,101,---,---,.0151,33.04,0.013,12.21,.0052,43.72,.0295,457.58,.0131,457.20,.0101,440.45,.0074,11.13
BernsteinVazirani/40,41,103,---,---,.0158,32.84,0.0139,12.21,.0055,45.20,.0298,457.74,.0129,457.75,.0113,440.45,.0075,11.12
BernsteinVazirani/41,42,106,---,---,.0166,35.34,0.014,12.21,.0057,42.19,.0306,457.81,.0131,458.32,.0121,440.62,.0076,11.05
BernsteinVazirani/42,43,108,---,---,.0160,33.53,0.014,12.21,.0060,45.71,.0313,457.80,.0136,458.90,.0120,440.70,.0076,11.02
BernsteinVazirani/43,44,111,---,---,.0173,33.96,0.0142,12.21,.0063,45.27,.0319,457.87,.0141,459.37,.0124,440.68,.0082,11.09
BernsteinVazirani/44,45,113,---,---,.0164,33.82,0.0136,12.21,.0065,45.16,.0324,457.87,.0148,459.90,.0133,440.68,.0082,11.10
BernsteinVazirani/45,46,116,---,---,.0170,34.36,0.0148,12.21,.0068,47.71,.0333,457.74,.0149,460.38,.0133,440.68,.0080,11.08
BernsteinVazirani/46,47,118,---,---,.0174,34.41,0.0109,12.21,.0071,47.11,.0338,457.74,.0149,460.75,.0144,440.76,.0081,11.05
BernsteinVazirani/47,48,121,---,---,.0181,34.59,0.0161,12.21,.0074,45.11,.0346,457.87,.0154,461.27,.0145,440.71,.0082,11.13
BernsteinVazirani/48,49,123,---,---,.0180,34.87,0.0158,12.21,.0077,47.73,.0346,457.87,.0149,461.75,.0147,440.70,.0084,11.06
BernsteinVazirani/49,50,126,---,---,.0185,35.05,0.0158,12.21,.0080,49.16,.0354,457.74,.0161,462.79,.0164,440.79,.0085,11.16
BernsteinVazirani/50,51,128,---,---,.0186,35.32,0.0166,12.21,.0083,47.75,.0359,457.89,.0169,463.29,.0161,440.91,.0086,11.02
BernsteinVazirani/51,52,131,---,---,.0201,37.41,0.0172,12.21,.0132,49.12,.0367,457.81,.0169,463.77,.0184,441.04,.0086,11.18
BernsteinVazirani/52,53,133,---,---,.0194,35.62,0.0122,12.21,.0089,47.72,.0372,457.81,.0174,464.42,.0174,440.89,.0088,11.01
BernsteinVazirani/53,54,136,---,---,.0200,35.71,0.0175,12.21,.0095,50.73,.0381,457.87,.0174,464.76,.0179,440.93,.0090,11.03
BernsteinVazirani/54,55,138,---,---,.0199,35.75,0.0177,12.21,.0096,49.68,.0385,457.90,.0182,465.34,.0189,441.04,.0095,11.06
BernsteinVazirani/55,56,141,---,---,.0204,36.00,0.0186,12.21,.0099,52.71,.0392,457.87,.0179,465.74,.0198,441.11,.0091,11.11
BernsteinVazirani/56,57,143,---,---,.0208,35.91,0.0178,12.21,.0103,50.71,.0396,457.80,.0180,466.38,.0204,441.14,.0093,11.06
BernsteinVazirani/57,58,146,---,---,.0212,36.20,0.0177,12.34,.0106,50.73,.0403,457.87,.0184,466.77,.0215,441.23,.0095,11.12
BernsteinVazirani/58,59,148,---,---,.0219,38.24,0.0182,12.21,.0112,52.21,.0410,457.87,.0191,467.26,.0221,441.29,.0099,11.11
BernsteinVazirani/59,60,151,---,---,.0216,36.63,0.0195,12.21,.0116,51.03,.0417,457.80,.0193,467.76,.0228,441.21,.0096,11.05
BernsteinVazirani/60,61,153,---,---,.0216,36.52,0.0187,12.21,.0119,51.29,.0422,457.90,.0195,468.26,.0233,441.24,.0097,11.04
BernsteinVazirani/61,62,156,---,---,.0221,36.75,0.0193,12.23,.0122,52.79,.0430,457.74,.0201,468.91,.0239,441.41,.0101,11.05
BernsteinVazirani/62,63,158,---,---,.0224,36.55,0.0207,12.21,.0127,52.31,.0434,457.87,.0198,469.39,.0246,441.41,.0106,11.02
BernsteinVazirani/63,64,161,---,---,.0226,36.88,0.0207,12.23,.0134,52.83,.0441,457.81,.0203,469.76,.0260,441.51,.0105,11.05
BernsteinVazirani/64,65,163,---,---,.0231,36.71,0.021,12.21,.0135,53.31,.0488,458.13,.0215,470.42,.0270,441.57,.0105,11.18
BernsteinVazirani/65,66,166,---,---,.0234,36.96,0.0207,12.21,.0138,54.04,.0496,458.13,.0213,470.79,.0266,441.61,.0106,11.09
BernsteinVazirani/66,67,168,---,---,.0237,37.10,0.0163,12.21,.0146,54.36,.0504,458.12,.0216,471.26,.0291,441.58,.0105,11.05
BernsteinVazirani/67,68,171,---,---,.0248,40.71,0.0224,12.21,.0147,55.00,.0510,458.00,.0221,471.80,.0291,441.63,.0112,11.18
BernsteinVazirani/68,69,173,---,---,.0244,37.17,0.0221,12.21,.0152,55.39,.0518,458.00,.0220,472.29,.0298,441.61,.0107,11.60
BernsteinVazirani/69,70,176,---,---,.0271,37.10,0.0242,12.21,.0159,55.89,.0526,458.06,.0224,473.35,.0301,441.89,.0110,11.64
BernsteinVazirani/70,71,178,---,---,.0250,37.26,0.0177,12.21,.0159,56.41,.0533,458.00,.0233,473.85,.0312,441.92,.0111,11.50
BernsteinVazirani/71,72,181,---,---,.0254,37.39,0.0243,12.21,.0164,56.97,.0541,458.06,.0239,474.28,.0330,441.85,.0112,11.50
BernsteinVazirani/72,73,183,---,---,.0255,37.15,0.0237,12.21,.0168,57.34,.0548,458.12,.0240,474.82,.0326,441.80,.0113,11.55
BernsteinVazirani/73,74,186,---,---,.0259,37.43,0.0244,12.21,.0173,57.88,.0552,458.07,.0251,475.31,.0335,442.00,.0115,11.57
BernsteinVazirani/74,75,188,---,---,.0262,37.39,0.0256,12.23,.0177,58.56,.0562,458.15,.0243,475.90,.0346,442.00,.0117,11.60
BernsteinVazirani/75,76,191,---,---,.0262,37.48,0.0254,12.23,.0182,59.04,.0568,457.95,.0255,476.30,.0352,442.32,.0119,11.53
BernsteinVazirani/76,77,193,---,---,.0266,37.26,0.0261,12.21,.0186,59.54,.0572,458.16,.0256,476.80,.0359,442.20,.0119,11.55
BernsteinVazirani/77,78,196,---,---,.0392,37.27,0.0258,12.21,.0191,59.73,.0582,458.15,.0259,477.43,.0403,442.41,.0126,11.57
BernsteinVazirani/78,79,198,---,---,.0273,37.37,0.026,12.21,.0195,60.34,.0588,458.12,.0264,477.78,.0385,442.28,.0121,11.60
BernsteinVazirani/79,80,201,---,---,.0285,39.50,0.0264,12.21,.0200,60.84,.0596,458.13,.0270,478.28,.0387,442.30,.0127,11.54
BernsteinVazirani/80,81,203,---,---,.0282,37.59,0.0275,12.21,.0204,61.36,.0594,458.16,.0271,478.78,.0412,442.24,.0128,11.60
BernsteinVazirani/81,82,206,---,---,.0284,37.49,0.0283,12.47,.0211,61.86,.0604,458.12,.0276,479.30,.0429,442.47,.0126,11.50
BernsteinVazirani/82,83,208,---,---,.0281,37.39,0.0287,12.47,.0214,62.36,.0612,458.16,.0279,479.93,.0439,442.46,.0127,11.57
BernsteinVazirani/83,84,211,---,---,.0294,39.31,0.0297,12.47,.0219,63.13,.0619,458.06,.0284,480.28,.0439,442.52,.0130,11.50
BernsteinVazirani/84,85,213,---,---,.0288,37.48,0.0306,12.47,.0039,63.58,.0627,458.07,.0291,480.80,.0438,442.55,.0133,11.60
BernsteinVazirani/85,86,216,---,---,.0332,37.50,0.0307,12.47,.0040,63.84,.0634,458.12,.0284,481.30,.0492,442.63,.0132,11.56
BernsteinVazirani/86,87,218,---,---,.0304,37.54,0.0305,12.47,.0041,64.40,.0640,457.99,.0290,481.80,.0469,442.79,.0132,11.51
BernsteinVazirani/87,88,221,---,---,.0308,39.48,0.0308,12.47,.0041,64.79,.0649,458.12,.0293,482.39,.0480,442.67,.0135,11.58
BernsteinVazirani/88,89,223,---,---,.0301,37.66,0.0306,12.47,.0042,65.32,.0653,458.00,.0311,483.84,.0498,442.82,.0137,11.54
BernsteinVazirani/89,90,226,---,---,.0305,37.41,0.0322,12.47,.0044,65.98,.0659,458.10,.0317,484.43,.0501,442.92,.0137,11.53
BernsteinVazirani/90,91,228,---,---,.0308,37.60,0.0311,12.47,.0044,66.33,.0667,458.16,.0315,484.83,.0510,442.85,.0139,11.50
BernsteinVazirani/91,92,231,---,---,.0317,37.45,0.0323,12.47,.0045,67.02,.0680,458.13,.0325,485.34,.0531,443.07,.0145,11.57
BernsteinVazirani/92,93,233,---,---,.0313,37.75,0.0338,12.47,.0045,67.46,.0683,458.26,.0328,485.83,.0534,443.09,.0143,11.58
BernsteinVazirani/93,94,236,---,---,.0324,39.81,0.0344,12.47,.0047,68.05,.0690,458.16,.0336,486.43,.0587,443.23,.0148,11.62
BernsteinVazirani/94,95,238,---,---,.0323,37.75,0.0342,12.47,.0047,68.34,.0695,458.06,.0333,486.88,.0575,443.16,.0146,11.73
BernsteinVazirani/95,96,241,---,---,.0329,37.80,0.0358,12.47,.0048,68.79,.0701,458.15,.0337,487.31,.0570,443.21,.0152,11.69
BernsteinVazirani/96,97,243,---,---,.0336,37.25,0.0354,12.66,.0049,69.31,.0694,458.12,.0342,487.81,.0576,443.37,.0146,11.61
BernsteinVazirani/97,98,246,---,---,.0337,37.83,0.0356,12.66,.0051,69.86,.0702,458.15,.0349,488.31,.0584,443.54,.0150,11.59
BernsteinVazirani/98,99,248,---,---,.0335,37.33,0.037,12.67,.0050,70.60,.0708,458.06,.0349,488.81,.0609,443.36,.0150,11.76
BernsteinVazirani/99,100,251,---,---,.0345,39.54,0.0374,12.68,.0051,70.93,.0719,458.13,.0359,489.33,.0624,443.55,.0159,11.67
Feynman/adder_8,24,330,---,---,.0212,33.81,0.0285,12.21,.0032,29.00,.0638,457.96,.0113,448.80,.0288,440.74,.0948,13.08
Feynman/barenco_tof_10,19,130,---,---,.0116,28.47,0.0108,11.96,.0008,28.94,.0280,457.64,.0073,446.29,.0085,440.07,.0275,12.26
Feynman/barenco_tof_3,5,20,---,---,.0039,21.69,0.0059,11.96,.0001,28.77,.0047,456.36,.0045,439.45,.0006,439.80,.0066,11.03
Feynman/barenco_tof_4,7,34,---,---,.0046,22.21,0.0064,11.96,.0002,28.80,.0074,456.45,.0053,440.45,.0011,439.35,.0098,11.57
Feynman/barenco_tof_5,9,50,---,---,.0059,23.25,0.0078,11.96,.0002,28.70,.0110,456.45,.0055,441.43,.0019,439.79,.0123,11.80
Feynman/csla_mux_3,15,70,---,---,.0080,25.35,0.0079,11.96,.0006,28.82,.0137,457.67,.0065,444.30,.0027,440.01,.0126,11.65
Feynman/csum_mux_9,30,140,---,---,.0126,29.55,0.0107,12.21,.0026,28.87,.0289,457.49,.0109,451.93,.0086,440.39,.0622,12.04
Feynman/gf2^10_mult,30,347,---,---,.0254,35.35,0.0265,12.21,.0040,29.05,.0690,457.64,.0122,452.50,.0418,441.57,.0766,14.35
Feynman/gf2^128_mult,384,50043,---,---,20.4000,231.34,264.811,37.62,5.2805,234.93,10.5000,477.88,4.7600,1158.55,27.6000,498.47,15.3944,570.09
Feynman/gf2^16_mult,48,875,---,---,.0679,37.53,0.1064,12.25,.0144,48.00,.1840,458.18,.0253,462.82,.1850,445.37,.2105,19.48
Feynman/gf2^256_mult,768,198395,---,---,163.0000,1634.79,TO,TO,41.2120,538.28,43.3000,531.44,38.5000,4988.79,238.0000,632.65,71.2832,2324.46
Feynman/gf2^32_mult,96,3322,---,---,.2610,39.92,1.3466,12.8,.1014,70.88,.6570,459.50,.1120,501.52,.8170,449.98,.8669,45.13
Feynman/gf2^4_mult,12,65,---,---,.0227,24.21,0.0085,11.99,.0005,28.75,.0249,457.55,.0064,442.96,.0030,440.05,.0308,11.89
Feynman/gf2^5_mult,15,97,---,---,.0093,26.14,0.0061,12,.0009,28.81,.0201,457.61,.0065,444.29,.0052,440.07,.0227,12.06
Feynman/gf2^64_mult,192,12731,---,---,1.8200,65.53,17.1116,19.82,.7496,126.01,2.5900,463.57,.6810,600.91,4.4300,461.74,3.5629,148.59
Feynman/gf2^6_mult,18,135,---,---,.0119,28.23,0.0116,11.99,.0011,28.82,.0374,457.61,.0081,445.93,.0084,440.36,.0527,12.36
Feynman/gf2^7_mult,21,179,---,---,.0153,32.48,0.0131,12.25,.0016,28.89,.0366,457.30,.0086,447.45,.0131,440.63,.0400,12.89
Feynman/gf2^8_mult,24,243,---,---,.0185,32.45,0.0171,12.25,.0023,28.95,.0479,457.80,.0099,448.95,.0204,440.83,.0518,13.36
Feynman/gf2^9_mult,27,285,---,---,.0224,36.09,0.02,12.25,.0029,29.01,.0577,457.64,.0110,450.32,.0279,441.26,.0625,13.62
Feynman/grover_5,9,351,---,---,.0205,34.18,0.0273,11.99,.0033,29.03,.1150,458.90,.0068,441.39,.2610,441.55,TO,TO
Feynman/ham15-high,20,1798,---,---,.0586,37.59,0.4881,12.25,.0062,29.65,.3710,458.18,.0185,446.89,.4140,442.60,TO,TO
Feynman/ham15-low,17,213,---,---,.0152,30.41,0.0144,12.25,.0010,28.94,.0356,458.05,.0082,445.41,.0090,440.20,.5358,12.13
Feynman/ham15-med,17,452,---,---,.0236,34.27,0.0392,12.25,.0020,29.11,.0951,457.93,.0090,445.39,.0677,441.05,TO,TO
Feynman/hwb10,16,31764,---,---,.7990,50.93,84.205,15.25,.2140,38.06,4.7200,466.05,.2200,447.01,1.5600,445.21,TO,TO
Feynman/hwb11,15,87789,---,---,2.6400,103.40,660.929,22.05,.4950,70.43,12.8000,474.98,.5180,448.76,1.5100,448.29,TO,TO
Feynman/hwb12,20,171482,---,---,5.8000,204.70,2568.02,34.76,1.1303,132.73,27.2000,509.69,1.3500,455.72,6.4300,457.06,3193.7865,1069.54
Feynman/hwb6,7,109,---,---,.0075,24.00,0.0096,11.99,.0006,28.86,.0292,457.67,.0056,440.39,.0043,440.03,13.7918,11.77
Feynman/hwb8,12,6446,---,---,.1620,38.13,3.6998,12.67,.0338,33.10,.9470,460.25,.0398,443.23,1.0300,443.60,TO,TO
Feynman/mod5_4,5,23,---,---,.0044,21.98,0.0057,11.99,.0001,28.70,.0045,456.36,.0042,439.25,.0008,439.29,.0433,11.01
Feynman/mod_adder_1024,28,1435,---,---,.0572,37.58,0.3146,12.26,.0051,29.42,.2990,457.75,.0186,450.77,.3420,443.16,.2276,20.92
Feynman/mod_mult_55,9,49,---,---,.0061,23.34,0.0076,11.99,.0003,28.87,.0119,457.30,.0052,441.34,.0016,439.80,.0146,11.60
Feynman/mod_red_21,11,108,---,---,.0076,24.59,0.0094,11.99,.0008,28.81,.0220,457.55,.0060,442.35,.0049,440.05,.0435,11.88
Feynman/qcla_adder_10,36,181,---,---,.0177,32.64,0.0142,12.25,.0033,42.17,.0445,458.05,.0132,454.84,.0142,440.82,.0314,12.21
Feynman/qcla_com_7,24,153,---,---,.0130,29.51,0.0118,12.25,.0021,28.88,.0346,457.93,.0092,448.66,.0107,440.38,.1038,12.04
Feynman/qcla_mod_7,26,294,---,---,.0195,33.32,0.0219,12.25,.0045,28.96,.0676,458.05,.0114,449.79,.0336,440.98,TO,TO
Feynman/qft_4,5,159,---,---,Error,Error,0.0105,11.99,.0010,28.89,Error,Error,Error,Error,Error,Error,.1132,11.60
Feynman/rc_adder_6,14,90,---,---,.0084,25.66,0.0089,11.99,.0006,28.81,.0156,457.50,.0063,443.87,.0034,440.05,.0360,11.65
Feynman/tof_10,19,85,---,---,.0095,27.23,0.0088,11.99,.0005,28.77,.0196,457.55,.0075,446.39,.0049,440.07,.0168,11.73
Feynman/tof_3,5,15,---,---,.0039,21.49,0.0043,12.13,.0001,28.68,.0043,457.61,.0039,439.44,.0005,439.39,.0061,11.02
Feynman/tof_4,7,25,---,---,.0044,22.00,0.0061,11.99,.0002,28.86,.0058,456.45,.0056,440.25,.0008,439.25,.0077,11.14
Feynman/tof_5,9,35,---,---,.0052,22.91,0.0071,11.99,.0002,28.82,.0083,457.61,.0054,441.40,.0013,439.25,.0088,11.46
Feynman/vbe_adder_3,10,50,---,---,.0060,23.18,0.007,11.99,.0003,28.79,.0094,456.45,.0066,441.74,.0017,439.81,.0276,11.57
Grover/05,10,170,.3240,89.48,.0279,30.17,0.0129,11.99,.0031,28.87,.0414,458.18,.0064,441.77,.0459,440.73,TO,TO
Grover/06,12,301,.3180,94.20,.0260,35.18,0.0186,11.99,.0063,29.54,.0978,459.43,.0076,442.87,.1850,441.63,---,---
Grover/07,14,480,.3240,98.58,.0368,37.30,0.0316,11.99,.0115,29.65,.2420,462.89,.0101,444.19,1.0600,444.53,---,---
Grover/08,16,813,.3290,104.05,.0582,37.55,0.073,12.25,.0243,30.28,.8250,477.92,.0154,445.23,TO,TO,---,---
Grover/09,18,1319,.3370,108.91,.0933,37.57,0.1705,12.25,.0415,31.45,4.0200,511.34,.0229,446.98,---,---,---,---
Grover/10,20,2136,.3450,115.66,.1590,39.68,0.4606,12.25,.0766,33.77,10.9000,569.91,.0357,449.08,---,---,---,---
Grover/11,22,3337,.3530,121.64,.2610,42.01,1.1416,12.26,.1307,34.28,39.1000,774.19,.0560,450.08,---,---,---,---
Grover/12,24,5163,.3620,133.58,.4650,44.41,2.8786,12.41,.2344,39.05,128.0000,1227.85,.0994,453.46,---,---,---,---
Grover/13,26,8037,.3710,136.57,.7750,46.60,6.843,12.66,.3975,48.81,650.0000,3405.25,.1390,459.30,---,---,---,---
Grover/14,28,12115,.3820,144.77,1.3500,55.56,16.6504,13,.6674,50.17,TO,TO,.2470,470.05,---,---,---,---
Grover/15,30,18618,.3980,153.37,2.3400,69.16,40.3603,13.37,1.1439,52.34,---,---,.4260,472.48,---,---,---,---
Grover/16,32,27956,.4080,162.18,4.1700,96.54,99.0082,14.14,1.8904,55.04,---,---,.8150,491.58,---,---,---,---
Grover/17,34,42334,.4210,166.62,6.6500,116.19,239.176,15.17,3.1633,63.86,---,---,1.8000,531.72,---,---,---,---
Grover/18,36,63133,.4370,174.01,11.8000,184.58,568.173,16.71,4.8462,74.52,---,---,6.8000,538.73,---,---,---,---
Grover/19,38,94876,.4440,179.71,19.9000,255.82,1334.44,19.43,7.8174,88.98,---,---,21.5000,611.75,---,---,---,---
Grover/20,40,140721,.4590,186.68,31.9000,386.96,3176.38,25.36,12.4411,118.46,---,---,72.6000,768.76,---,---,---,---
Grover/21,42,210367,.4730,190.81,52.7000,779.43,TO,TO,19.9350,173.08,---,---,207.0000,793.59,---,---,---,---
Grover/22,44,310367,.4890,195.95,84.5000,1088.20,---,---,32.4158,253.85,---,---,583.0000,1082.75,---,---,---,---
Grover/23,46,461646,.5080,199.86,136.0000,1735.15,---,---,TO,TO,---,---,1750.0000,1707.75,---,---,---,---
Grover/24,48,678601,.5380,205.30,683.0000,3669.00,---,---,---,---,---,---,TO,TO,---,---,---,---
Grover/25,50,1005355,.5790,206.02,353.0000,3553.21,---,---,---,---,---,---,---,---,---,---,---,---
Grover/26,52,1473184,.6630,210.40,568.0000,4505.14,---,---,---,---,---,---,---,---,---,---,---,---
Grover/27,54,2174689,.7830,212.17,3200.0000,11102.84,---,---,---,---,---,---,---,---,---,---,---,---
Grover/28,56,3178178,1.0500,213.33,1940.0000,10042.28,---,---,---,---,---,---,---,---,---,---,---,---
Grover/29,58,4676916,1.5700,214.64,2190.0000,10031.79,---,---,---,---,---,---,---,---,---,---,---,---
Grover/30,60,6819806,2.6900,215.92,TO,TO,---,---,---,---,---,---,---,---,---,---,---,---
Grover/31,62,10008932,4.9800,219.06,---,---,---,---,---,---,---,---,---,---,---,---,---,---
Grover/32,64,14566326,10.3000,219.61,---,---,---,---,---,---,---,---,---,---,---,---,---,---
Grover/33,66,21328090,20.0000,220.19,---,---,---,---,---,---,---,---,---,---,---,---,---,---
Grover/34,68,30985878,40.8000,221.75,---,---,---,---,---,---,---,---,---,---,---,---,---,---
Grover/35,70,45276660,83.8000,223.54,---,---,---,---,---,---,---,---,---,---,---,---,---,---
Grover/36,72,65677990,171.0000,226.20,---,---,---,---,---,---,---,---,---,---,---,---,---,---
Grover/37,74,95794310,349.0000,229.33,---,---,---,---,---,---,---,---,---,---,---,---,---,---
Grover/38,76,138767877,814.0000,233.78,---,---,---,---,---,---,---,---,---,---,---,---,---,---
Grover/39,78,202070979,1550.0000,242.39,---,---,---,---,---,---,---,---,---,---,---,---,---,---
Grover/40,80,292359936,3290.0000,251.27,---,---,---,---,---,---,---,---,---,---,---,---,---,---
Grover/41,82,425106417,TO,TO,---,---,---,---,---,---,---,---,---,---,---,---,---,---
MCToffoli/03,6,5,---,---,.0219,21.07,0.0039,11.99,.0001,28.80,.0195,457.19,.0044,439.75,.0003,439.30,.0065,11.42
MCToffoli/04,8,7,---,---,.0035,21.00,0.0058,11.99,.0001,28.80,.0007,457.28,.0054,440.91,.0004,439.36,.0078,11.47
MCToffoli/05,10,9,---,---,.0040,21.72,0.0059,11.99,.0001,28.83,.0008,457.28,.0055,441.78,.0004,439.38,.0091,11.53
MCToffoli/06,12,11,---,---,.0042,22.10,0.006,11.99,.0001,28.69,.0008,456.33,.0066,442.78,.0005,439.64,.0212,11.55
MCToffoli/07,14,13,---,---,.0050,22.52,0.0054,11.99,.0001,28.81,.0008,456.33,.0061,443.91,.0005,439.31,.0119,11.65
MCToffoli/08,16,15,---,---,.0050,22.66,0.0055,12,.0001,28.80,.0008,456.43,.0066,444.89,.0006,439.31,.0133,11.64
MCToffoli/09,18,17,---,---,.0056,23.03,0.0056,11.99,.0002,28.81,.0010,456.42,.0071,445.88,.0007,439.80,.0155,11.76
MCToffoli/10,20,19,---,---,.0056,23.68,0.0053,11.99,.0002,28.78,.0010,456.42,.0072,446.75,.0009,439.80,.0157,11.79
MCToffoli/11,22,21,---,---,.0060,23.58,0.0065,12.25,.0002,28.81,.0010,456.43,.0078,447.78,.0009,439.84,.0175,11.79
MCToffoli/12,24,23,---,---,.0062,24.02,0.0062,12.25,.0002,28.80,.0010,456.33,.0080,448.91,.0010,439.71,.0186,11.80
MCToffoli/13,26,25,---,---,.0067,24.57,0.0067,12.25,.0003,28.79,.0010,456.42,.0083,449.88,.0011,439.80,.0197,11.92
MCToffoli/14,28,27,---,---,.0081,25.27,0.0064,12.25,.0003,28.77,.0011,456.33,.0094,450.92,.0012,439.81,.0217,11.96
MCToffoli/15,30,29,---,---,.0078,25.30,0.0065,12.25,.0003,28.78,.0011,456.42,.0089,451.88,.0013,439.76,.0229,12.10
MCToffoli/16,32,31,---,---,.0080,25.51,0.0071,12.25,.0003,28.78,.0011,456.32,.0097,452.92,.0014,439.65,.0252,11.98
MCToffoli/17,34,33,---,---,.0083,26.01,0.0072,12.25,.0004,39.58,.0014,456.42,.0092,453.89,.0015,439.65,.0260,12.11
MCToffoli/18,36,35,---,---,.0088,26.20,0.0064,12.25,.0004,40.65,.0014,456.42,.0094,455.06,.0017,439.94,.0268,12.15
MCToffoli/19,38,37,---,---,.0096,26.96,0.0063,12.25,.0004,41.68,.0014,457.22,.0106,455.88,.0019,439.95,.0287,12.25
MCToffoli/20,40,39,---,---,.0098,27.33,0.0072,12.25,.0004,41.73,.0014,456.41,.0099,457.07,.0019,440.10,.0294,12.21
MCToffoli/21,42,41,---,---,.0105,27.80,0.0077,12.25,.0005,45.68,.0014,456.34,.0105,457.92,.0021,439.96,.0314,12.45
MCToffoli/22,44,43,---,---,.0110,26.97,0.0069,12.25,.0005,46.72,.0015,456.42,.0121,458.88,.0022,440.01,.0324,12.51
MCToffoli/23,46,45,---,---,.0114,28.55,0.008,12.25,.0005,46.72,.0015,456.42,.0114,459.88,.0023,440.09,.0346,12.45
MCToffoli/24,48,47,---,---,.0124,27.18,0.0072,12.25,.0006,48.67,.0015,456.34,.0122,460.92,.0024,440.00,.0354,12.44
MCToffoli/25,50,49,---,---,.0145,29.54,0.0082,12.25,.0006,49.73,.0015,456.33,.0122,461.88,.0026,439.97,.0365,12.43
MCToffoli/26,52,51,---,---,.0147,30.00,0.0072,12.25,.0007,48.18,.0015,456.33,.0136,462.88,.0027,440.13,.0381,12.63
MCToffoli/27,54,53,---,---,.0133,30.23,0.0073,12.25,.0007,49.14,.0015,457.22,.0130,464.16,.0028,440.06,.0391,12.84
MCToffoli/28,56,55,---,---,.0136,30.51,0.008,12.25,.0012,50.76,.0081,456.42,.0129,465.06,.0030,440.20,.0408,12.73
MCToffoli/29,58,57,---,---,.0286,31.27,0.0077,12.25,.0008,50.05,.0153,456.42,.0136,465.89,.0031,440.24,.0566,12.77
MCToffoli/30,60,59,---,---,.0341,31.45,0.0088,12.25,.0008,51.04,.0150,456.33,.0142,466.95,.0032,440.36,.0497,13.00
MCToffoli/31,62,61,---,---,.0154,31.93,0.009,12.25,.0009,52.63,.0017,456.42,.0146,467.91,.0036,440.30,.0457,13.02
MCToffoli/32,64,63,---,---,.0158,32.29,0.0083,12.25,.0009,52.86,.0017,456.33,.0148,469.07,.0037,440.28,.0463,12.98
MCToffoli/33,66,65,---,---,.0162,32.48,0.0078,12.25,.0010,53.87,.0021,457.40,.0155,469.96,.0037,440.34,.0483,13.09
MCToffoli/34,68,67,---,---,.0165,33.05,0.0079,12.25,.0010,54.90,.0022,456.42,.0163,471.10,.0041,440.48,.0501,12.98
MCToffoli/35,70,69,---,---,.0171,33.03,0.0078,12.26,.0011,55.81,.0021,457.47,.0160,471.88,.0042,440.41,.0521,13.24
MCToffoli/36,72,71,---,---,.0180,33.20,0.0077,12.26,.0011,56.83,.0022,457.16,.0180,472.92,.0044,440.63,.0521,13.24
MCToffoli/37,74,73,---,---,.0183,33.90,0.0087,12.25,.0012,58.03,.0022,456.42,.0182,473.88,.0046,440.52,.0532,13.38
MCToffoli/38,76,75,---,---,.0188,33.71,0.0088,12.25,.0013,58.84,.0022,456.43,.0185,474.84,.0047,440.57,.0545,13.40
MCToffoli/39,78,77,---,---,.0193,34.30,0.0084,12.25,.0013,59.85,.0023,456.42,.0176,475.92,.0048,440.49,.0580,13.38
MCToffoli/40,80,79,---,---,.0197,34.50,0.0095,12.25,.0014,60.76,.0027,457.41,.0181,476.88,.0050,440.52,.0576,13.43
MCToffoli/41,82,81,---,---,.0201,34.59,0.0061,12.5,.0014,62.02,.0023,456.43,.0185,477.91,.0055,440.71,.0589,13.38
MCToffoli/42,84,83,---,---,.0202,34.86,0.0097,12.5,.0015,63.07,.0024,457.41,.0191,478.91,.0054,440.75,.0597,13.70
MCToffoli/43,86,85,---,---,.0345,35.11,0.0096,12.5,.0015,63.89,.0023,456.42,.0194,480.10,.0056,440.75,.0620,13.68
MCToffoli/44,88,87,---,---,.0218,35.70,0.009,12.5,.0016,64.86,.0024,457.46,.0200,481.46,.0060,440.74,.0626,13.83
MCToffoli/45,90,89,---,---,.0222,35.61,0.0097,12.5,.0017,65.82,.0024,457.41,.0201,482.61,.0062,440.80,.0656,13.70
MCToffoli/46,92,91,---,---,.0267,35.73,0.0104,12.5,.0017,66.99,.0024,456.42,.0205,483.46,.0062,440.83,.0655,13.85
MCToffoli/47,94,93,---,---,.0228,36.21,0.0093,12.5,.0018,68.06,.0025,457.41,.0228,484.53,.0066,440.96,.0673,14.05
MCToffoli/48,96,95,---,---,.0233,36.11,0.01,12.5,.0019,68.75,.0025,457.22,.0222,485.46,.0067,441.00,.0707,14.05
MCToffoli/49,98,97,---,---,.0237,36.01,0.0107,12.5,.0019,70.13,.0024,457.41,.0222,486.46,.0072,441.06,.0693,13.91
MCToffoli/50,100,99,---,---,.0241,36.34,0.01,12.5,.0020,70.76,.0025,457.40,.0225,487.53,.0073,441.15,.0713,13.98
MCToffoli/51,102,101,---,---,.0250,36.44,0.0108,12.5,.0021,72.08,.0025,456.42,.0237,488.46,.0077,441.02,.0739,14.14
MCToffoli/52,104,103,---,---,.0252,36.71,0.0116,12.5,.0022,72.84,.0025,456.42,.0240,489.46,.0077,441.14,.0760,14.37
MCToffoli/53,106,105,---,---,.0256,37.27,0.0109,12.5,.0022,73.86,.0025,457.22,.0238,490.46,.0079,441.12,.0750,14.15
MCToffoli/54,108,107,---,---,.0269,36.58,0.0102,12.5,.0023,74.88,.0026,457.41,.0248,491.46,.0084,441.25,.0789,14.17
MCToffoli/55,110,109,---,---,.0263,36.75,0.0073,12.5,.0024,76.06,.0026,456.43,.0268,492.53,.0084,441.39,.0782,14.32
MCToffoli/56,112,111,---,---,.0270,36.89,0.0117,12.5,.0024,76.82,.0026,457.41,.0250,493.50,.0090,441.35,.0820,14.46
MCToffoli/57,114,113,---,---,.0290,37.13,0.0113,12.5,.0026,77.86,.0027,457.41,.0252,494.49,.0090,441.35,.0840,14.48
MCToffoli/58,116,115,---,---,.0299,36.84,0.0111,12.5,.0027,79.12,.0027,457.35,.0257,495.48,.0096,441.31,.0841,14.58
MCToffoli/59,118,117,---,---,.0298,37.18,0.0113,12.5,.0044,80.05,.0027,457.34,.0275,496.50,.0096,441.52,.0859,14.66
MCToffoli/60,120,119,---,---,.0306,37.24,0.011,12.5,.0027,80.82,.0027,456.42,.0268,497.49,.0097,441.35,.0854,14.81
MCToffoli/61,122,121,---,---,.0308,37.10,0.0116,12.5,.0028,81.87,.0028,457.22,.0279,498.48,.0102,441.52,.0867,14.85
MCToffoli/62,124,123,---,---,.0313,37.40,0.0112,12.5,.0029,82.88,.0028,457.22,.0280,499.46,.0106,441.64,.0878,14.78
MCToffoli/63,126,125,---,---,.0330,37.13,0.0109,12.5,.0030,84.09,.0028,456.42,.0280,500.48,.0106,441.52,.0919,14.81
MCToffoli/64,128,127,---,---,.0324,37.19,0.0122,12.5,.0031,85.05,.0028,457.34,.0285,501.46,.0113,441.65,.0929,15.06
MCToffoli/65,130,129,---,---,.0324,37.47,0.0113,12.5,.0033,86.02,.0037,457.34,.0294,502.48,.0112,441.79,.0958,15.11
MCToffoli/66,132,131,---,---,.0330,37.34,0.0122,12.5,.0033,86.86,.0037,457.22,.0302,503.50,.0118,441.90,.0943,15.03
MCToffoli/67,134,133,---,---,.0337,37.33,0.0114,12.5,.0034,88.08,.0043,456.43,.0320,504.53,.0137,441.80,.0955,14.94
MCToffoli/68,136,135,---,---,.0342,37.30,0.0112,12.5,.0037,89.18,.0042,456.42,.0334,505.48,.0140,441.90,.1001,15.43
MCToffoli/69,138,137,---,---,.0347,37.21,0.0084,12.5,.0038,89.86,.0037,457.35,.0314,506.46,.0126,441.87,.1007,15.30
MCToffoli/70,140,139,---,---,.0348,37.70,0.0124,12.5,.0037,90.88,.0038,456.42,.0323,507.58,.0131,442.03,.1030,15.39
MCToffoli/71,142,141,---,---,.0359,39.42,0.012,12.76,.0040,91.89,.0039,456.42,.0330,508.46,.0136,441.99,.1034,15.36
MCToffoli/72,144,143,---,---,.0363,37.36,0.0113,12.76,.0039,93.17,.0039,456.42,.0324,509.46,.0139,442.02,.1019,15.35
MCToffoli/73,146,145,---,---,.0370,37.61,0.0119,12.76,.0042,93.86,.0039,456.42,.0341,510.58,.0163,442.26,.1048,15.70
MCToffoli/74,148,147,---,---,.0372,39.41,0.0123,12.76,.0042,95.07,.0044,457.22,.0333,511.46,.0166,442.32,.1057,15.63
MCToffoli/75,150,149,---,---,.0378,37.41,0.0119,12.64,.0043,96.06,.0044,456.42,.0353,512.58,.0147,442.38,.1088,15.75
MCToffoli/76,152,151,---,---,.0380,37.32,0.0133,12.76,.0047,97.05,.0040,457.42,.0349,513.48,.0146,442.43,.1126,15.60
MCToffoli/77,154,153,---,---,.0438,37.65,0.0161,12.76,.0046,97.78,.0039,457.22,.0357,515.51,.0161,442.52,.1111,15.71
MCToffoli/78,156,155,---,---,.0398,37.68,0.0136,12.76,.0046,98.99,.0040,456.42,.0387,516.62,.0156,442.39,.1134,15.90
MCToffoli/79,158,157,---,---,.0449,37.74,0.0127,12.77,.0049,100.07,.0040,457.16,.0386,517.56,.0166,442.54,.1162,15.92
MCToffoli/80,160,159,---,---,.0401,37.28,0.0136,12.76,.0051,101.05,.0041,457.34,.0393,518.52,.0167,442.77,.1321,16.00
MCToffoli/81,162,161,---,---,.0407,37.27,0.014,12.76,.0050,102.04,.0040,457.16,.0406,519.52,.0169,442.55,.1149,15.92
MCToffoli/82,164,163,---,---,.0425,39.88,0.0133,12.76,.0051,103.03,.0041,456.41,.0410,520.61,.0176,442.70,.1193,15.89
MCToffoli/83,166,165,---,---,.0542,37.74,0.0137,12.76,.0055,104.05,.0041,456.42,.0416,521.52,.0181,442.68,.1205,16.31
MCToffoli/84,168,167,---,---,.0420,39.55,0.0141,12.76,.0056,105.05,.0041,457.34,.0426,522.64,.0190,442.84,.1236,16.24
MCToffoli/85,170,169,---,---,.0524,37.67,0.0148,12.76,.0056,106.08,.0042,457.22,.0428,523.49,.0185,442.81,.1233,16.19
MCToffoli/86,172,171,---,---,.0436,37.54,0.014,12.76,.0059,107.07,.0042,457.22,.0433,524.61,.0188,442.81,.1220,16.20
MCToffoli/87,174,173,---,---,.0413,39.55,0.0137,12.76,.0060,108.11,.0042,456.42,.0439,525.53,.0195,442.99,.1269,16.51
MCToffoli/88,176,175,---,---,.0412,37.36,0.0142,12.76,.0063,109.08,.0042,457.41,.0447,526.64,.0199,443.03,.1268,16.52
MCToffoli/89,178,177,---,---,.0487,37.35,0.0145,12.76,.0062,110.03,.0043,457.16,.0449,527.61,.0235,443.06,.1269,16.46
MCToffoli/90,180,179,---,---,.0418,37.66,0.0144,12.76,.0067,110.95,.0048,457.55,.0460,528.52,.0235,443.16,.1287,16.54
MCToffoli/91,182,181,---,---,.0478,37.61,0.0145,12.76,.0067,112.07,.0048,457.34,.0455,529.51,.0210,443.10,.1323,16.66
MCToffoli/92,184,183,---,---,.0435,37.53,0.0146,12.76,.0068,113.06,.0044,457.16,.0462,530.49,.0220,443.45,.1323,16.73
MCToffoli/93,186,185,---,---,.0442,37.75,0.0153,12.76,.0070,114.10,.0043,457.55,.0477,531.49,.0218,443.32,.1338,16.74
MCToffoli/94,188,187,---,---,.0452,39.42,0.0142,12.76,.0072,114.86,.0043,457.55,.0487,532.52,.0225,443.47,.1385,16.77
MCToffoli/95,190,189,---,---,.0450,37.50,0.0156,12.76,.0074,116.04,.0044,457.56,.0485,533.49,.0232,443.58,.1382,17.06
MCToffoli/96,192,191,---,---,.0526,39.47,0.0158,12.76,.0076,117.14,.0044,457.55,.0494,534.52,.0237,443.41,.1414,16.91
MCToffoli/97,194,193,---,---,.0467,39.52,0.0156,12.76,.0079,118.07,.0044,457.35,.0494,535.49,.0240,443.58,.1426,17.07
MCToffoli/98,196,195,---,---,.0465,37.55,0.0149,12.76,.0083,118.96,.0045,457.55,.0505,536.61,.0242,443.58,.1469,16.96
MCToffoli/99,198,197,---,---,.0568,37.61,0.0157,14.77,.0083,120.10,.0044,457.22,.0510,537.56,.0244,443.67,.1483,17.07
MOGrover/03,9,64,---,---,.0083,25.80,0.0097,11.99,.0009,28.84,.0096,457.67,.0059,441.26,.0030,439.90,.0269,11.63
MOGrover/04,12,123,---,---,.0148,30.74,0.0101,11.99,.0020,28.88,.0179,457.96,.0069,442.88,.0219,440.16,.1027,12.20
MOGrover/05,15,202,---,---,.0218,35.08,0.0216,11.99,.0037,28.96,.0296,457.95,.0083,444.41,.1180,441.00,.3049,13.14
MOGrover/06,18,357,---,---,.0333,37.49,0.0363,12.25,.0072,29.68,.1060,460.30,.0113,446.24,3.6700,445.88,1.0400,14.84
MOGrover/07,21,552,---,---,.0474,37.70,0.0694,12.25,.0121,29.66,.1950,462.34,.0151,448.35,75.4000,473.44,2.6663,17.00
MOGrover/08,24,939,---,---,.0758,37.72,0.1748,12.26,.0230,30.19,1.0600,485.38,.0227,451.01,45.6000,466.97,8.0021,21.47
MOGrover/09,27,1492,---,---,.1210,39.99,0.4476,12.25,.0416,31.72,3.1500,515.46,.0320,452.42,TO,TO,20.7256,28.30
MOGrover/10,30,2433,---,---,.2030,41.91,1.2557,12.5,.0751,34.29,9.0800,594.66,.0522,456.30,---,---,62.6816,40.07
MOGrover/11,33,3746,---,---,.3610,44.53,3.1205,12.66,.1265,42.11,48.8000,905.73,.0823,462.41,---,---,167.0095,56.49
PeriodFinding/07_03_05_0,10,897,22.1000,204.22,.0535,22.12,0.0287,12.25,.0034,29.38,.0303,457.49,.0079,441.75,.0083,440.14,Error,Error
PeriodFinding/07_03_10_0,10,2294,23.3000,1890.59,.0322,26.95,0.0587,12.25,.0092,30.45,.0943,457.75,.0120,441.75,.0236,440.04,---,---
PeriodFinding/07_03_15_0,10,3437,23.3000,2016.64,.0712,34.81,0.0938,12.25,.0188,31.61,.1410,458.46,.0175,442.33,.0433,440.45,---,---
PeriodFinding/10_05_05_0,15,17402,44.1000,1922.05,.1440,30.95,0.3356,13.24,.0560,34.46,.5700,458.01,.0712,444.70,.2480,440.82,---,---
PeriodFinding/10_05_10_0,15,34793,44.5000,2084.40,.4800,39.47,0.9859,15.48,.3203,40.17,1.3300,464.25,.1690,448.64,1.4700,446.01,---,---
PeriodFinding/10_05_15_0,15,52184,44.7000,2103.89,.4220,37.59,1.1356,15.94,.3136,46.82,1.8200,461.68,.2150,446.54,1.3000,442.88,---,---
PeriodFinding/13_06_05_0,19,106497,65.2000,1992.38,.7250,26.14,2.0859,21.09,.3278,96.61,4.3100,457.96,.4610,446.42,1.8400,440.89,---,---
PeriodFinding/13_06_10_0,19,245744,65.6000,2089.99,1.8800,28.02,4.3071,32.36,.6054,212.62,9.9600,458.38,1.0300,446.25,4.3200,441.62,---,---
PeriodFinding/13_06_15_0,19,384991,66.0000,2111.70,20.6000,102.18,82.4972,50.84,11.0346,329.10,21.1000,587.50,33.0000,590.31,137.0000,481.45,---,---
PeriodFinding/16_08_05_0,24,1507322,82.7000,599.59,8.2700,23.85,22.5127,129.61,3.5974,1234.70,61.0000,457.81,7.0100,449.08,34.1000,442.28,---,---
PeriodFinding/16_08_10_0,24,3407837,87.5000,2116.10,16.3000,39.86,66.9959,259.95,14.0869,2712.14,137.0000,460.81,15.4000,457.71,186.0000,451.15,---,---
PeriodFinding/16_08_15_0,24,5439422,87.3000,2111.08,34.1000,63.73,470.073,411.75,47.8702,4335.70,222.0000,472.33,281.0000,593.34,459.0000,479.27,---,---
PeriodFinding/19_09_05_0,28,9961473,108.0000,2092.41,211.0000,28.25,156.933,798.98,23.4154,8289.13,402.0000,458.16,47.8000,451.31,286.0000,442.98,---,---
PeriodFinding/19_09_10_0,28,26214370,109.0000,2132.75,172.0000,32.39,391.863,1976.45,61.1484,21286.11,1050.0000,458.88,130.0000,452.36,1630.0000,450.10,---,---
PeriodFinding/19_09_15_0,28,39321545,109.0000,2153.91,247.0000,31.73,586.601,3001.63,177.7130,31144.48,1580.0000,459.29,198.0000,452.44,2160.0000,454.54,---,---
PeriodFinding/22_11_05_0,33,146800628,125.0000,921.50,1830.0000,37.88,2045.85,10292.52,TO,TO,TO,TO,849.0000,453.57,TO,TO,---,---
PeriodFinding/22_11_10_0,33,310378445,127.0000,1387.18,1480.0000,38.70,TO,TO,---,---,---,---,1810.0000,454.09,---,---,---,---
PeriodFinding/22_11_15_0,33,448790444,128.0000,1662.19,3020.0000,27.17,---,---,---,---,---,---,2650.0000,454.10,---,---,---,---
PeriodFinding/25_12_05_0,37,1107296249,147.0000,2081.01,TO,TO,---,---,---,---,---,---,TO,TO,---,---,---,---
PeriodFinding/25_12_10_0,37,2348810196,147.0000,2139.88,---,---,---,---,---,---,---,---,---,---,---,---,---,---
PeriodFinding/25_12_15_0,37,3388997557,166.0000,2211.07,---,---,---,---,---,---,---,---,---,---,---,---,---,---
PeriodFinding/28_14_05_0,42,9395240954,229.0000,1151.90,---,---,---,---,---,---,---,---,---,---,---,---,---,---
PeriodFinding/28_14_10_0,42,22548578249,238.0000,1679.93,---,---,---,---,---,---,---,---,---,---,---,---,---,---
PeriodFinding/28_14_15_0,42,37312528274,233.0000,1935.00,---,---,---,---,---,---,---,---,---,---,---,---,---,---
PeriodFinding/31_15_05_0,46,79456894971,662.0000,1351.38,---,---,---,---,---,---,---,---,---,---,---,---,---,---
PeriodFinding/31_15_10_0,46,171798691792,693.0000,1810.37,---,---,---,---,---,---,---,---,---,---,---,---,---,---
PeriodFinding/31_15_15_0,46,277025390495,673.0000,1972.71,---,---,---,---,---,---,---,---,---,---,---,---,---,---
PeriodFinding/34_17_05_0,51,876173328368,TO,TO,---,---,---,---,---,---,---,---,---,---,---,---,---,---
QuantumCounting/07_03_05_0,11,3822,23.4000,2033.20,.1560,39.93,.5803,12.30,.0216,31.30,.4130,458.52,.0189,442.74,.5560,445.78,Error,Error
QuantumCounting/07_03_10_0,11,4965,23.5000,2057.94,.2380,39.98,.7707,12.47,.0246,32.21,.4200,458.45,.0228,442.86,.4090,445.57,---,---
QuantumCounting/07_03_15_0,11,6108,23.6000,2092.20,.3280,41.77,.9483,12.38,.0353,33.14,.4800,458.89,.0263,442.74,.5140,446.42,---,---
QuantumCounting/08_04_05_0,13,8684,32.5000,2992.48,16.8000,505.66,59.5629,20.99,.9756,41.05,60.4000,951.63,3.1300,587.41,TO,TO,---,---
QuantumCounting/08_04_10_0,13,11999,30.7000,2115.04,.5810,44.24,4.0273,12.98,.0768,37.80,1.0400,458.63,.0497,444.37,---,---,---,---
QuantumCounting/08_04_15_0,13,15314,30.8000,2128.48,.8000,50.29,5.0005,13.24,.1013,33.49,122.0000,1542.15,.0614,444.22,---,---,---,---
QuantumCounting/09_04_05_0,14,17389,41.6000,3581.44,73.1000,2324.86,482.8810,79.91,3.9600,51.93,266.0000,2085.42,24.5000,1020.09,---,---,---,---
QuantumCounting/09_04_10_0,14,24032,37.9000,2127.21,1.2100,53.54,15.1818,13.64,.1356,46.30,2.0200,459.27,.0943,444.79,---,---,---,---
QuantumCounting/09_04_15_0,14,30675,38.0000,2125.55,1.7000,62.14,19.5085,14.14,.1738,36.79,970.0000,5545.99,.1170,445.82,---,---,---,---
QuantumCounting/10_05_05_0,16,40937,44.9000,2115.19,2.6100,82.91,59.5591,14.82,.2128,42.41,4.1300,459.27,.1720,445.84,---,---,---,---
QuantumCounting/10_05_10_0,16,56282,61.1000,6006.45,872.0000,3487.35,TO,TO,24.2922,60.71,TO,TO,694.0000,5054.22,---,---,---,---
QuantumCounting/10_05_15_0,16,77765,45.3000,2164.27,5.7800,110.25,---,---,.7209,64.85,---,---,.3160,446.98,---,---,---,---
QuantumCounting/11_05_05_0,17,81898,52.1000,2115.77,5.1700,108.55,---,---,.4055,65.30,---,---,.3410,447.38,---,---,---,---
QuantumCounting/11_05_10_0,17,112603,95.6000,6660.89,TO,TO,---,---,97.8157,90.36,---,---,TO,TO,---,---,---,---
QuantumCounting/11_05_15_0,17,155590,52.5000,2162.84,---,---,---,---,1.0680,125.47,---,---,---,---,---,---,---,---
QuantumCounting/12_06_05_0,19,188390,219.0000,7393.59,---,---,---,---,940.8442,144.14,---,---,---,---,---,---,---,---
QuantumCounting/12_06_10_0,19,258005,238.0000,7536.24,---,---,---,---,1227.2585,199.98,---,---,---,---,---,---,---,---
QuantumCounting/12_06_15_0,19,376760,250.0000,7690.87,---,---,---,---,1280.0554,293.77,---,---,---,---,---,---,---,---
QuantumCounting/13_06_05_0,20,376807,891.0000,8890.71,---,---,---,---,TO,TO,---,---,---,---,---,---,---,---
QuantumCounting/13_06_10_0,20,516054,934.0000,9166.10,---,---,---,---,---,---,---,---,---,---,---,---,---,---
QuantumCounting/13_06_15_0,20,753593,919.0000,9501.93,---,---,---,---,---,---,---,---,---,---,---,---,---,---
QuantumCounting/14_07_05_0,22,884705,TO,TO,---,---,---,---,---,---,---,---,---,---,---,---,---,---
Random/03,3,9,---,---,.0033,21.29,0.005,11.99,.0001,28.83,Error,Error,.0106,438.24,Error,Error,.0346,11.48
Random/04,4,12,---,---,.0037,21.36,0.0053,11.99,.0001,28.78,---,---,.0042,438.74,---,---,.0055,11.57
Random/05,5,15,---,---,.0032,21.07,0.0053,11.99,.0001,28.77,---,---,.0050,439.41,---,---,.0216,11.60
Random/06,6,18,---,---,.0048,22.35,0.0055,11.99,.0002,28.75,---,---,.0048,439.71,---,---,.0105,11.69
Random/07,7,21,---,---,.0042,21.90,0.006,11.99,.0003,29.44,---,---,.0056,440.27,---,---,.0121,11.41
Random/08,8,24,---,---,.0046,22.32,0.007,11.99,.0003,28.82,---,---,.0058,440.88,---,---,.0199,11.55
Random/09,9,27,---,---,.0053,22.93,0.0075,11.99,.0003,28.77,---,---,.0061,441.40,---,---,.0049,11.59
Random/10,10,30,---,---,.0045,22.40,0.0067,11.99,.0003,29.46,---,---,.0059,441.78,---,---,.0065,11.52
Random/11,11,33,---,---,.0055,23.50,0.0073,11.99,.0004,28.80,---,---,.0063,442.38,---,---,.0075,11.55
Random/12,12,36,---,---,.0072,24.61,0.0088,11.99,.0004,28.73,---,---,.0061,442.88,---,---,.0076,11.02
Random/13,13,39,---,---,.0066,24.02,0.008,11.99,.0007,28.74,---,---,.0065,443.25,---,---,.0067,11.48
Random/14,14,42,---,---,.0077,25.23,0.0097,11.99,.0006,28.78,---,---,.0070,443.90,---,---,.0136,11.59
Random/15,15,45,---,---,.0112,28.21,0.0101,11.99,.0013,28.79,---,---,.0074,444.27,---,---,.0241,11.72
Random/16,16,48,---,---,.0125,29.15,0.0144,11.99,.0010,28.74,---,---,.0074,444.91,---,---,.0074,11.57
Random/17,17,51,---,---,.0083,25.40,0.01,11.99,.0009,29.46,---,---,.0079,445.28,---,---,.0130,11.77
Random/18,18,54,---,---,.0104,26.78,0.0125,11.99,.0009,28.77,---,---,.0076,445.88,---,---,.0168,11.87
Random/19,19,57,---,---,.0149,31.45,0.0231,11.99,.0015,29.54,---,---,.0085,446.42,---,---,.0081,11.66
Random/20,20,60,---,---,.0167,32.42,0.0206,12,.0025,28.77,---,---,.0085,446.91,---,---,.0090,11.62
Random/21,21,63,---,---,.0177,32.98,0.018,12.25,.0023,28.91,---,---,.0091,447.41,---,---,.0141,11.73
Random/22,22,66,---,---,.0099,27.28,0.0119,12.25,.0012,28.80,---,---,.0084,447.88,---,---,.0110,11.70
Random/23,23,69,---,---,.0162,31.52,0.0151,12.25,.0014,28.82,---,---,.0091,448.40,---,---,.0212,11.86
Random/24,24,72,---,---,.0129,29.40,0.0112,12.25,.0015,28.80,---,---,.0091,448.88,---,---,.0127,11.82
Random/25,25,75,---,---,.0251,35.95,0.0157,12.25,.0027,28.90,---,---,.0096,449.45,---,---,.0122,11.75
Random/26,26,78,---,---,.0213,35.04,0.0378,12.25,.0025,28.86,---,---,.0100,449.90,---,---,.0173,11.73
Random/27,27,81,---,---,.0226,35.22,0.0436,12.25,.0029,28.82,---,---,.0103,450.38,---,---,.0180,11.62
Random/28,28,84,---,---,.0325,37.37,0.0522,12.25,.0059,29.42,---,---,.0113,450.91,---,---,.0224,11.97
Random/29,29,87,---,---,.0169,32.83,0.0238,12.25,.0022,28.84,---,---,.0105,451.45,---,---,.0093,11.63
Random/30,30,90,---,---,.0217,35.20,0.0463,12.25,.0020,28.82,---,---,.0106,451.88,---,---,.0180,11.74
Random/31,31,93,---,---,.0303,37.27,0.0523,12.25,.0039,28.84,---,---,.0124,452.85,---,---,.0391,11.86
Random/32,32,96,---,---,.0244,35.73,0.0357,12.25,.0073,28.86,---,---,.0116,452.88,---,---,.0239,11.87
Random/33,33,99,---,---,.0501,37.43,0.0981,12.42,.0116,40.70,---,---,.0169,454.21,---,---,.0332,11.95
Random/34,34,102,---,---,.0284,37.09,0.0518,12.25,.0060,40.79,---,---,.0126,454.20,---,---,.0126,11.79
Random/35,35,105,---,---,.0350,37.31,0.0853,12.94,.0037,40.12,---,---,.0137,455.36,---,---,.0219,11.87
Random/36,36,108,---,---,.0317,37.55,0.0509,12.25,.0062,42.73,---,---,.0133,455.83,---,---,.0288,11.82
Random/37,37,111,---,---,.0482,37.56,0.098,12.25,.0129,39.72,---,---,.0145,456.21,---,---,.0133,11.88
Random/38,38,114,---,---,.0242,36.31,0.0524,12.25,.0040,42.21,---,---,.0130,456.50,---,---,.0197,11.86
Random/39,39,117,---,---,.0280,38.62,0.058,12.25,.0038,40.78,---,---,.0133,457.33,---,---,.0141,11.89
Random/40,40,120,---,---,.0356,37.44,0.0712,12.25,.0047,42.75,---,---,.0140,457.74,---,---,.0270,11.84
Random/41,41,123,---,---,.0432,37.80,0.1156,12.71,.0078,44.85,---,---,.0175,458.88,---,---,.0155,11.89
Random/42,42,126,---,---,.0477,39.65,0.1142,12.46,.0069,45.18,---,---,.0153,458.71,---,---,.0165,11.92
Random/43,43,129,---,---,.0216,34.92,0.03,12.25,.0032,45.14,---,---,.0140,458.96,---,---,.0166,11.92
Random/44,44,132,---,---,.0320,39.32,0.0729,12.25,.0038,46.19,---,---,.0156,459.35,---,---,.0344,12.03
Random/45,45,135,---,---,.0804,37.65,0.1167,12.25,.0139,45.80,---,---,.0193,460.73,---,---,.0140,11.85
Random/46,46,138,---,---,.2030,39.64,0.1949,12.25,.0473,46.29,---,---,.0268,462.52,---,---,.0172,11.98
Random/47,47,141,---,---,.0556,37.38,0.0511,12.25,.0046,44.70,---,---,.0158,461.11,---,---,.0205,12.08
Random/48,48,144,---,---,.0303,37.09,0.0455,12.25,.0055,47.16,---,---,.0169,461.74,---,---,.0143,11.75
Random/49,49,147,---,---,.0423,37.54,0.1256,14.04,.0092,47.72,---,---,.0183,462.23,---,---,.0167,12.04
Random/50,50,150,---,---,.0640,39.73,0.1227,12.49,.0081,49.76,---,---,.0260,462.84,---,---,.0150,11.93
Random/51,51,153,---,---,.0343,39.63,0.1058,13.53,.0067,48.24,---,---,.0182,463.29,---,---,.0206,12.09
Random/52,52,156,---,---,.0370,37.17,0.0702,12.25,.0053,49.21,---,---,.0178,463.73,---,---,.0401,12.05
Random/53,53,159,---,---,.1420,39.67,0.0827,12.25,.0332,49.34,---,---,.0261,464.88,---,---,.0233,12.09
Random/54,54,162,---,---,.0779,37.45,0.1193,12.25,.0147,49.31,---,---,.0228,465.23,---,---,.0204,12.19
Random/55,55,165,---,---,.1850,39.81,0.2113,12.25,.0419,49.17,---,---,.0272,466.88,---,---,.0270,12.14
Random/56,56,168,---,---,.0494,37.36,0.0797,12.52,.0067,50.89,---,---,.0199,465.86,---,---,.0372,12.04
Random/57,57,171,---,---,.1710,41.73,0.1408,12.25,.0197,52.24,---,---,.0271,466.73,---,---,.0443,12.23
Random/58,58,174,---,---,.0595,37.80,0.0893,12.27,.0165,50.77,---,---,.0211,466.74,---,---,.0284,12.34
Random/59,59,177,---,---,.0781,37.70,0.1901,14.6,.0162,50.61,---,---,.0243,467.75,---,---,.0540,12.10
Random/60,60,180,---,---,.2100,41.80,0.2016,12.25,.0882,51.12,---,---,.0485,469.38,---,---,.0237,12.16
Random/61,61,183,---,---,.0788,39.64,0.0942,13.31,.0158,51.33,---,---,.0244,468.85,---,---,.0184,12.00
Random/62,62,186,---,---,.0481,39.66,0.1284,14.35,.0106,52.70,---,---,.0214,468.71,---,---,.0215,12.13
Random/63,63,189,---,---,.1020,39.77,0.1781,13.58,.0369,52.75,---,---,.0279,469.85,---,---,.0187,12.09
Random/64,64,192,---,---,.0549,37.67,0.1211,14.1,.0091,52.91,---,---,.0228,469.71,---,---,.0195,12.03
Random/65,65,195,---,---,.0868,39.42,0.1835,13.33,.0134,53.44,---,---,.0255,471.91,---,---,.0201,12.13
Random/66,66,198,---,---,.0472,37.75,0.1241,14.63,.0081,53.96,---,---,.0236,471.77,---,---,.0359,12.16
Random/67,67,201,---,---,.6290,47.77,0.2414,14.12,.2580,54.46,---,---,.1320,480.74,---,---,.0639,12.22
Random/68,68,204,---,---,.4300,43.62,0.1901,13.09,.1495,54.94,---,---,.0667,476.63,---,---,.0407,12.13
Random/69,69,207,---,---,.1760,41.66,0.2315,13.87,.0194,55.40,---,---,.0308,473.88,---,---,.0469,12.20
Random/70,70,210,---,---,.1620,39.76,0.1431,12.84,.0414,55.92,---,---,.0407,475.44,---,---,.0246,12.16
Random/71,71,213,---,---,.0691,37.80,0.1769,14.14,.0138,56.42,---,---,.0284,474.76,---,---,.0237,12.16
Random/72,72,216,---,---,.2090,41.87,0.2323,13.11,.0366,56.88,---,---,.0378,476.41,---,---,.0429,12.20
Random/73,73,219,---,---,.3830,45.74,0.2382,12.34,.2191,57.36,---,---,.0558,479.11,---,---,.0576,12.46
Random/74,74,222,---,---,.3870,43.49,0.3278,13.12,.4949,57.90,---,---,.0775,479.64,---,---,.0417,12.17
Random/75,75,225,---,---,.3030,41.69,0.2374,12.35,.0719,58.66,---,---,.0480,478.07,---,---,.0564,12.23
Random/76,76,228,---,---,.4050,43.58,0.1819,12.25,.0901,59.05,---,---,.0541,480.61,---,---,.0227,12.27
Random/77,77,231,---,---,.8170,49.87,0.3742,12.88,.4509,59.61,---,---,.0738,481.23,---,---,.0255,12.25
Random/78,78,234,---,---,.6970,45.70,0.3005,13.91,.3950,60.16,---,---,.1360,486.22,---,---,.0262,12.32
Random/79,79,237,---,---,.3130,41.64,0.2939,14.43,.1207,60.34,---,---,.0515,482.25,---,---,.0264,12.25
Random/80,80,240,---,---,.2250,41.88,0.2649,14.18,.0481,60.89,---,---,.0386,480.55,---,---,.0300,12.21
Random/81,81,243,---,---,.3420,43.62,0.2884,12.5,.2178,61.62,---,---,.0573,483.18,---,---,.0233,12.21
Random/82,82,246,---,---,.2220,41.75,0.2097,13.67,.0460,61.89,---,---,.0426,481.45,---,---,.0292,12.38
Random/83,83,249,---,---,.4390,43.70,0.2484,12.5,.1364,62.61,---,---,.0681,484.11,---,---,.0297,12.41
Random/84,84,252,---,---,.1580,39.49,0.2811,13.02,.0468,63.14,---,---,.0422,482.55,---,---,.0806,12.32
Random/85,85,255,---,---,.9960,51.68,0.4678,14.97,2.1173,63.64,---,---,.1070,485.11,---,---,.0321,12.46
Random/86,86,258,---,---,15.3000,213.89,0.4777,14.2,2.2465,72.21,---,---,3.2500,553.34,---,---,.0715,12.19
Random/87,87,261,---,---,.5850,45.73,0.2834,12.5,.1474,64.41,---,---,.0635,486.11,---,---,.1498,12.66
Random/88,88,264,---,---,.1550,39.49,0.3033,16.27,.0377,64.94,---,---,.0391,483.38,---,---,.0254,12.17
Random/89,89,267,---,---,9.4800,105.45,0.6719,14.21,.7227,65.64,---,---,.5940,491.82,---,---,.0622,12.73
Random/90,90,270,---,---,.5270,43.59,0.2382,13.18,.0687,65.89,---,---,.0617,487.61,---,---,.0307,12.41
Random/91,91,273,---,---,.3310,43.60,0.2516,12.5,.0298,66.40,---,---,.0414,486.05,---,---,.0296,12.43
Random/92,92,276,---,---,.3270,41.87,0.3583,13.2,.1268,66.93,---,---,.0616,488.63,---,---,.0674,12.48
Random/93,93,279,---,---,1.6800,61.70,0.3203,13.46,.1833,67.82,---,---,.1070,493.66,---,---,.0491,12.48
Random/94,94,282,---,---,79.6000,337.25,0.7794,17.9,4.4521,76.32,---,---,74.3000,521.34,---,---,.0757,12.74
Random/95,95,285,---,---,.2490,39.81,0.34,15.01,.0724,68.47,---,---,.0566,488.07,---,---,.0274,12.32
Random/96,96,288,---,---,.4040,43.85,0.3447,13.99,.0993,68.96,---,---,.0580,492.68,---,---,.1152,12.59
Random/97,97,291,---,---,5.7000,117.52,0.4234,13.21,1.4671,77.75,---,---,.4200,524.82,---,---,.0334,12.69
Random/98,98,294,---,---,.5670,47.68,0.3171,13.99,.1122,69.95,---,---,.0596,493.82,---,---,.0308,12.47
Random/99,99,297,---,---,9.5800,173.06,0.3827,12.5,2.6123,78.78,---,---,.6740,525.80,---,---,.0827,12.58
RevLib/0410184_169,14,46,---,---,.0132,23.41,0.0075,11.99,.0003,28.84,.0035,457.61,.0066,443.77,.0010,439.71,.0132,11.62
RevLib/4gt11-v1_85,5,4,---,---,.0033,21.01,0.0056,11.99,.0001,28.80,.0015,456.40,.0048,439.27,.0002,439.21,.0103,11.15
RevLib/4gt11_82,5,12,---,---,.0035,21.12,0.0061,12,.0001,28.81,.0022,457.52,.0048,439.41,.0003,439.70,.0053,11.07
RevLib/4gt11_83,5,8,---,---,.0034,21.19,0.0059,11.99,.0001,28.76,.0017,456.42,.0049,439.42,.0003,439.31,.0111,11.02
RevLib/4gt11_84,5,3,---,---,.0033,20.90,0.0053,11.99,0,28.92,.0014,457.58,.0049,439.38,.0002,439.21,.0099,11.09
RevLib/4mod5-bdd_287,7,8,---,---,.0040,21.29,0.0054,11.99,.0001,28.79,.0014,456.33,.0054,440.38,.0004,439.36,.0066,11.15
RevLib/add16_174,49,64,---,---,.0137,29.79,0.0075,12.25,.0011,49.36,.0103,457.79,.0131,461.56,.0031,440.15,.1297,12.18
RevLib/add32_183,97,128,---,---,.0269,36.73,0.0117,12.5,.0041,69.62,.0185,458.30,.0259,486.85,.0095,441.39,.3882,13.29
RevLib/add64_184,193,256,---,---,.0547,37.49,0.0191,12.76,.0154,117.57,.0351,459.36,.0596,537.08,.0378,444.87,1.2765,15.38
RevLib/add8_172,25,32,---,---,.0082,24.20,0.0072,12.25,.0004,28.71,.0061,457.65,.0088,449.27,.0012,439.74,.0571,11.71
RevLib/alu-bdd_288,7,9,---,---,.0037,19.01,0.0058,11.99,.0001,28.72,.0013,456.33,.0053,440.38,.0004,439.26,.0073,11.06
RevLib/alu-v0_27,5,6,---,---,.0034,21.25,0.0049,11.99,.0001,28.85,.0018,457.52,.0048,439.41,.0003,439.20,.0111,11.07
RevLib/alu-v1_28,5,7,---,---,.0033,21.07,0.0055,11.99,.0001,28.77,.0019,457.52,.0049,439.40,.0003,439.20,.0117,11.07
RevLib/alu-v1_29,5,7,---,---,.0035,21.18,0.0057,11.99,.0001,28.80,.0018,456.42,.0048,439.38,.0003,439.35,.0117,11.07
RevLib/alu-v2_33,5,7,---,---,.0034,21.27,0.0054,11.99,.0001,28.77,.0018,457.52,.0050,439.27,.0003,439.20,.0125,11.02
RevLib/alu-v3_34,5,7,---,---,.0033,21.21,0.0057,11.99,.0001,28.82,.0021,457.22,.0045,439.24,.0003,439.21,.0135,11.07
RevLib/alu-v3_35,5,7,---,---,.0034,21.21,0.0056,11.99,.0001,28.80,.0020,457.58,.0049,439.28,.0003,439.24,.0111,11.02
RevLib/alu-v4_37,5,7,---,---,.0036,21.06,0.0051,11.99,.0001,28.77,.0019,457.28,.0044,439.21,.0003,439.70,.0110,11.14
RevLib/apex2_289,498,1746,---,---,.4040,43.88,0.0996,16.4,.2934,271.02,.1260,462.48,.4120,749.98,.7980,485.09,.9109,45.78
RevLib/apex5_290,1025,2909,---,---,1.7500,61.92,0.3737,43.93,1.0282,535.77,.2620,466.89,1.3300,1214.26,3.9500,516.25,2.1065,72.52
RevLib/avg16_324,576,3484,---,---,.5200,45.71,0.1668,17.98,.5187,311.47,.2220,465.09,1.0300,806.41,1.2500,491.36,TO,TO
RevLib/avg8_325,320,1757,---,---,.2120,39.64,0.0749,13.54,.1187,182.05,.1160,461.16,.3130,632.97,.3000,457.21,TO,TO
RevLib/bw_291,87,307,---,---,.0310,37.29,0.0158,12.39,.0131,64.43,.0244,458.38,.0282,482.27,.0194,442.64,.1394,16.21
RevLib/cnt3-5_179,16,25,---,---,.0056,23.08,0.0062,11.99,.0002,28.82,.0039,457.56,.0070,444.88,.0009,439.71,.0545,11.56
RevLib/cps_292,923,2763,---,---,1.1900,57.79,0.206,30.96,1.2529,484.55,.2240,465.00,1.0900,1035.29,2.8200,527.91,1.3897,59.58
RevLib/cycle10_293,39,78,---,---,.0136,29.08,0.0081,12.25,.0013,40.69,.0200,457.56,.0116,456.41,.0034,440.20,.0295,12.15
RevLib/decod24-bdd_294,6,11,---,---,.0035,21.15,0.0059,11.99,.0001,28.77,.0011,456.33,.0048,439.78,.0004,439.35,.0070,11.04
RevLib/decod24-enable_125,6,9,---,---,.0036,21.11,0.0055,11.99,.0001,28.85,.0018,456.40,.0052,439.91,.0003,439.70,.0063,10.99
RevLib/decod24-v0_38,4,6,---,---,.0032,20.90,0.0052,11.99,.0001,28.68,.0013,456.42,.0042,438.73,.0003,439.35,.0273,11.01
RevLib/decod24-v2_43,4,6,---,---,.0032,20.85,0.0051,11.99,.0001,28.77,.0014,456.42,.0042,438.74,.0003,439.21,.0133,10.93
RevLib/e64-bdd_295,195,387,---,---,.0582,37.58,0.0187,12.76,.0331,118.75,.0251,458.45,.0672,542.88,.0616,447.68,.1119,15.70
RevLib/ex-1_166,3,4,---,---,.0029,20.92,0.0047,11.99,.0001,28.78,.0011,456.33,.0044,438.40,.0002,439.76,.0106,11.00
RevLib/ex1_226,6,7,---,---,.0033,20.96,0.0054,11.99,.0001,28.68,.0019,457.46,.0052,439.88,.0002,439.21,.0196,11.07
RevLib/ex5p_296,206,647,---,---,.0777,39.60,0.0317,13.02,.0558,124.36,.0492,459.26,.0882,547.86,.1010,449.04,.2772,21.04
RevLib/fredkin_6,3,3,---,---,.0030,20.99,0.0053,11.99,.0001,28.77,.0009,456.42,.0044,438.38,.0002,439.76,.0299,11.13
RevLib/frg2_297,1219,3724,---,---,2.3200,93.20,0.4978,48.93,1.5157,633.42,.3190,469.06,1.9000,1307.04,6.2500,497.75,2.1524,84.34
RevLib/ham15_298,45,153,---,---,.0146,29.93,0.0109,12.25,.0026,44.71,.0203,457.71,.0146,459.99,.0058,440.45,.0375,12.52
RevLib/ham3_102,3,5,---,---,.0032,20.91,0.0057,11.99,.0001,28.75,.0012,457.22,.0039,438.45,.0002,439.21,.0103,11.02
RevLib/ham7_106,7,25,---,---,.0040,21.38,0.0062,11.99,.0002,28.77,.0031,457.61,.0055,440.38,.0006,439.38,.0436,11.01
RevLib/ham7_299,21,61,---,---,.0070,24.01,0.0081,12.25,.0007,28.82,.0034,457.28,.0079,447.25,.0019,440.00,.0192,11.77
RevLib/hwb5_300,28,88,---,---,.0105,30.68,0.0082,12.25,.0015,29.00,.0074,457.61,.0097,450.90,.0036,440.36,.0382,12.52
RevLib/hwb6_301,46,159,---,---,.0169,31.16,0.0106,12.25,.0034,45.28,.0144,458.10,.0143,460.35,.0074,440.84,.0699,13.92
RevLib/hwb7_302,73,281,---,---,.0329,36.60,0.0162,12.25,.0093,57.56,.0255,458.39,.0244,474.99,.0165,442.17,.1318,16.32
RevLib/hwb8_303,112,449,---,---,.0511,37.65,0.0231,12.5,.0210,76.95,.0356,458.90,.0418,496.80,.0372,444.41,.2086,19.30
RevLib/hwb9_304,170,699,---,---,.0901,37.75,0.034,12.76,.0487,106.35,.0591,459.68,.0768,529.73,.0815,448.62,.3581,23.89
RevLib/mini_alu_305,10,20,---,---,.0047,22.14,0.0063,11.99,.0002,28.77,.0021,456.37,.0057,441.92,.0008,439.81,.0115,11.48
RevLib/mod5adder_306,32,96,---,---,.0122,27.52,0.0101,12.25,.0016,28.77,.0067,457.61,.0102,453.12,.0038,440.38,.0433,12.75
RevLib/mod5d2_70,5,8,---,---,.0036,21.07,0.0053,11.99,.0001,28.77,.0021,456.42,.0046,439.25,.0003,439.34,.0137,11.02
RevLib/mod5mils_71,5,5,---,---,.0034,21.03,0.0051,11.99,.0001,28.77,.0009,456.42,.0044,439.24,.0003,439.31,.0149,11.07
RevLib/one-two-three-v2_100,5,8,---,---,.0035,21.15,0.005,11.99,.0001,28.77,.0017,457.52,.0045,439.26,.0003,439.21,.0078,11.00
RevLib/one-two-three-v3_101,5,8,---,---,.0037,21.27,0.0058,12,.0001,28.80,.0023,456.42,.0049,439.41,.0003,439.34,.0079,11.06
RevLib/parity_247,17,32,---,---,.0055,23.19,0.0067,11.99,.0004,28.74,.0060,457.55,.0075,445.40,.0007,439.36,.0057,11.13
RevLib/pdc_307,619,2080,---,---,.7400,47.87,0.1459,20.94,.6273,331.84,.1920,464.48,.5840,812.15,1.2000,505.38,1.0257,48.65
RevLib/peres_9,3,2,---,---,.0031,20.92,0.0047,11.99,0,28.77,.0011,456.42,.0043,438.38,.0002,439.21,.0108,11.00
RevLib/plus127mod8192_308,25,54,---,---,.0094,26.05,0.0077,12.25,.0006,28.96,.0038,457.53,.0090,449.41,.0017,440.02,.0132,11.68
RevLib/plus63mod4096_309,23,49,---,---,.0086,25.59,0.007,12.25,.0005,28.80,.0040,457.59,.0084,448.38,.0017,439.75,.0122,11.64
RevLib/plus63mod8192_310,25,53,---,---,.0092,25.92,0.0064,12.25,.0007,28.79,.0042,457.61,.0089,449.20,.0019,440.09,.0129,11.70
RevLib/rd32_270,5,9,---,---,.0037,21.11,0.0059,11.99,.0001,28.92,.0011,456.33,.0044,439.21,.0004,439.26,.0074,11.09
RevLib/rd32_271,5,9,---,---,.0036,21.16,0.0058,11.99,.0001,28.68,.0011,456.42,.0049,439.40,.0004,439.35,.0074,11.01
RevLib/rd32_272,5,6,---,---,.0036,20.91,0.0038,11.99,.0001,28.76,.0007,457.28,.0049,439.38,.0003,439.70,.0061,11.00
RevLib/rd53_138,8,12,---,---,.0040,21.28,0.006,11.99,.0001,28.92,.0009,456.42,.0056,440.92,.0005,439.21,.0095,11.58
RevLib/rd53_311,13,34,---,---,.0063,22.57,0.0069,11.99,.0003,28.85,.0032,457.58,.0063,443.34,.0011,439.71,.0156,11.78
RevLib/rd73_140,10,20,---,---,.0045,21.87,0.0063,12,.0002,28.82,.0013,457.28,.0058,441.88,.0008,439.76,.0135,11.71
RevLib/rd73_312,25,73,---,---,.0093,25.26,0.0083,12.25,.0010,28.87,.0053,457.61,.0093,449.27,.0027,440.00,.0311,12.29
RevLib/rd84_142,15,28,---,---,.0059,22.94,0.0063,11.99,.0003,28.79,.0014,456.42,.0068,444.33,.0012,439.84,.0194,11.87
RevLib/rd84_313,34,104,---,---,.0123,27.53,0.0063,12.25,.0016,40.19,.0080,457.61,.0111,453.91,.0042,440.38,.0410,12.77
RevLib/seq_314,1617,5990,---,---,4.9600,97.67,1.3542,108.96,4.1136,834.53,.5370,476.73,3.7100,1775.71,14.0000,536.71,3.6503,124.00
RevLib/spla_315,489,1709,---,---,.3970,43.69,0.0959,17.13,.3656,266.48,.1260,461.84,.3890,747.26,.7220,484.57,.8887,45.88
RevLib/sym6_316,14,29,---,---,.0053,22.82,0.0064,11.99,.0003,28.78,.0029,457.47,.0069,443.75,.0011,439.90,.0163,11.77
RevLib/sym9_146,12,28,---,---,.0048,22.08,0.0068,11.99,.0003,28.79,.0014,456.42,.0064,442.92,.0011,439.31,.0177,11.85
RevLib/sym9_192,12,28,---,---,.0049,22.14,0.0063,11.99,.0003,28.78,.0014,457.28,.0064,442.90,.0011,439.63,.0175,11.76
RevLib/sym9_317,27,62,---,---,.0090,25.70,0.0083,12.25,.0009,28.91,.0053,457.55,.0093,450.27,.0026,440.00,.0295,12.25
RevLib/sys6-v0_111,10,20,---,---,.0049,22.07,0.0063,11.99,.0002,28.70,.0013,457.28,.0059,441.90,.0008,439.75,.0130,11.62
RevLib/urf1_149,9,11554,---,---,.4610,22.00,0.3348,14.14,.0368,32.58,.1230,457.98,.0682,441.41,.1640,440.34,TO,TO
RevLib/urf2_152,8,5030,---,---,.0707,21.61,0.1486,12.99,.0159,33.55,.0635,457.82,.0308,440.91,.0708,440.03,TO,TO
RevLib/urf3_155,10,26468,---,---,.3350,22.23,0.7472,16.73,.0836,39.64,.2520,458.18,.1340,441.91,.3760,440.54,2902.7049,880.92
RevLib/urf4_187,11,32004,---,---,.3830,20.85,0.9038,17.73,.1007,45.40,.3090,458.06,.1930,442.41,.4360,440.76,TO,TO
RevLib/urf5_158,9,10276,---,---,.4320,21.95,0.2927,13.89,.0323,32.11,.1160,458.01,.0612,441.41,.1460,440.27,TO,TO
RevLib/urf6_160,15,10740,---,---,.1340,22.86,0.3096,14.14,.0343,32.26,.1390,458.50,.0797,444.99,.1680,441.39,TO,TO
RevLib/xor5_254,6,7,---,---,.0216,20.76,0.0049,11.99,.0001,28.76,.0072,457.22,.0168,439.90,.0002,439.31,.1220,10.89
ModifiedRevLib/_443,261,1701,---,---,TO,TO,71.6730,153.68,TO,TO,TO,TO,TO,TO,TO,TO,Error,Error
ModifiedRevLib/add64_184,193,385,---,---,.1970,203.92,.0256,13.62,.0989,117.70,.1020,460.21,.0762,545.14,.0594,445.93,Error,Error
ModifiedRevLib/apex2_289,498,1803,---,---,TO,TO,1430.2400,76.84,TO,TO,TO,TO,TO,TO,TO,TO,Error,Error
ModifiedRevLib/callif_32_439,130,754,---,---,TO,TO,1.8048,35.30,TO,TO,TO,TO,TO,TO,TO,TO,Error,Error
ModifiedRevLib/cps_292,923,3165,---,---,TO,TO,2650.4100,143.75,TO,TO,1390.0000,5788.50,TO,TO,TO,TO,Error,Error
ModifiedRevLib/cpu_alu_16bit_400,405,6552,---,---,Error,Error,TO,TO,TO,TO,TO,TO,TO,TO,TO,TO,Error,Error
ModifiedRevLib/cpu_control_unit_402,392,1537,---,---,TO,TO,474.1090,137.63,TO,TO,TO,TO,TO,TO,TO,TO,Error,Error
ModifiedRevLib/cpu_register_32_405,328,1978,---,---,.4620,213.72,.0881,14.59,.4164,194.71,.6240,468.56,.7150,668.18,.3360,457.14,Error,Error
ModifiedRevLib/e64-bdd_295,195,516,---,---,1.9800,238.81,2.4977,13.90,2.0283,126.83,.6550,476.77,.5440,613.56,1.9900,495.61,Error,Error
ModifiedRevLib/ex5p_296,206,736,---,---,7.6100,283.10,12.1467,21.22,3.5664,132.54,1.0300,489.48,1.1500,691.18,6.4200,548.42,Error,Error
ModifiedRevLib/hwb9_304,170,774,---,---,33.0000,662.89,13.5784,20.04,12.0916,114.58,3.7500,559.38,4.9800,1105.32,22.1000,569.64,Error,Error
ModifiedRevLib/lu_326,299,831,---,---,TO,TO,7.7202,33.46,TO,TO,TO,TO,TO,TO,TO,TO,Error,Error
ModifiedRevLib/nestedif2_32_445,263,1304,---,---,TO,TO,316.1760,126.16,TO,TO,TO,TO,TO,TO,TO,TO,Error,Error
ModifiedRevLib/pdc_307,619,2319,---,---,TO,TO,TO,TO,TO,TO,TO,TO,TO,TO,TO,TO,Error,Error
ModifiedRevLib/spla_315,489,1747,---,---,TO,TO,918.5430,167.07,2737.8076,772.23,1810.0000,5642.24,TO,TO,TO,TO,Error,Error
ModifiedRevLib/varops_32_447,224,1402,---,---,TO,TO,94.4634,108.93,TO,TO,TO,TO,TO,TO,TO,TO,Error,Error
